0096,Time,1RSS(dB),2RSS(dB),TPWR(mW),Lipo,Curr(mA),Temp(°C),Bat,dent,Rpm(kmh),Tmp2(°C),dist,Capa,ST,TH,P1,P2,P3,P4,SA,SB,SC,SD,LSW,CH1(us),CH2(us),CH3(us),CH4(us),CH5(us),CH6(us),CH7(us),CH8(us),CH9(us),CH10(us),CH11(us),CH12(us),CH13(us),CH14(us),CH15(us),CH16(us),CH17(us),CH18(us),CH19(us),CH20(us),CH21(us),CH22(us),CH23(us),CH24(us),CH25(us),CH26(us),CH27(us),CH28(us),CH29(us),CH30(us),CH31(us),CH32(us),TxBat(V)
2026-04-21,20:15:52.700,-34,-40,10,3922,0,17,44,16,0,15,0,0,-2,-2,508,1024,183,1024,0,-1,-1,-1,0x1000480898140005,1499,1499,1730,989,2012,1499,1499,1499,1500,1499,1193,1449,1500,1500,1500,1500,1500,1499,1305,2012,1500,1609,1500,2012,1500,1499,1500,1500,1520,1705,1499,2012,8.1
2026-04-21,20:15:53.200,-29,-40,10,3922,0,17,44,16,0,15,0,0,-2,-2,508,1024,183,1024,0,-1,-1,-1,0x1000480898140005,1499,1499,1730,989,2012,1499,1499,1499,1500,1499,1193,1449,1500,1500,1500,1500,1500,1499,1372,2012,1500,1609,1500,2012,1500,1499,1500,1500,1520,1705,1499,2012,8.1
2026-04-21,20:15:53.700,-35,-32,10,3920,0,17,44,16,0,15,0,0,-2,-2,508,1024,183,1024,0,-1,-1,-1,0x1000480898140005,1499,1499,1730,989,2012,1499,1499,1499,1500,1499,1193,1449,1500,1500,1500,1500,1500,1499,1442,2012,1500,1609,1500,2012,1500,1499,1500,1500,1520,1705,1499,2012,8.1
2026-04-21,20:15:54.200,-35,-37,10,3917,0,17,44,16,0,15,0,0,-1,-1,508,1024,184,1024,0,-1,-1,-1,0x1000480A98140005,1499,1500,1730,989,2012,1500,1500,1499,1500,1500,1193,1449,1500,1500,1500,1500,1500,1499,1500,2012,1500,1609,1500,2012,1500,1499,1500,1500,1520,1705,1499,2012,8.1
2026-04-21,20:15:54.700,-39,-38,10,3916,0,17,44,16,0,15,0,0,-2,-1,508,1024,183,1024,0,-1,-1,-1,0x1000480A98140005,1499,1500,1730,989,2012,1499,1500,1499,1500,1499,1193,1449,1500,1500,1500,1500,1500,1499,1500,2012,1500,1609,1500,2012,1500,1499,1500,1500,1520,1705,1499,2012,8.1
2026-04-21,20:15:55.200,-38,-38,10,3916,0,17,44,16,0,15,0,0,-2,-2,508,1024,184,1024,0,-1,-1,-1,0x1000480A98140005,1499,1499,1730,989,2012,1499,1499,1499,1500,1499,1193,1449,1500,1500,1500,1500,1500,1499,1500,2012,1500,1609,1500,2012,1500,1499,1500,1500,1520,1705,1499,2012,8.1
2026-04-21,20:15:55.700,-37,-38,10,3916,0,17,44,16,0,15,0,0,-2,-2,508,1024,183,1024,0,-1,-1,-1,0x1000480A98140004,1499,1499,1518,989,2012,1499,1499,1499,1500,1499,1193,1449,1500,1500,1500,1500,1500,1499,1500,2012,1500,1609,1500,2012,1500,1499,1500,1500,1520,1705,1499,2012,8.1
2026-04-21,20:15:56.200,-39,-38,10,3916,0,17,44,16,0,15,0,0,-2,-1,508,1024,183,1024,0,-1,-1,-1,0x1000480A98140004,1499,1500,1500,989,2012,1499,1500,1499,1500,1499,1193,1449,1500,1500,1500,1500,1500,1499,1500,2012,1500,1609,1500,2012,1500,1499,1500,1500,1520,1705,1499,2012,8.1
2026-04-21,20:15:56.700,-37,-38,10,3916,0,17,44,16,0,15,0,0,-2,-1,508,1024,183,1024,0,-1,-1,-1,0x1000480A98140004,1499,1500,1500,989,2012,1499,1500,1499,1500,1499,1193,1449,1500,1500,1500,1500,1500,1499,1500,2012,1500,1609,1500,2012,1500,1499,1500,1500,1520,1705,1499,2012,8.1
2026-04-21,20:15:57.200,-36,-38,10,3916,0,17,44,16,0,15,0,0,-3,-1,508,1024,183,1024,0,-1,-1,-1,0x1000480A98140004,1499,1500,1500,989,2012,1499,1500,1499,1500,1499,1193,1449,1500,1500,1500,1500,1500,1499,1500,2012,1500,1609,1500,2012,1500,1499,1500,1500,1520,1705,1499,2012,8.1
2026-04-21,20:15:57.700,-36,-38,10,3916,0,17,44,16,0,15,0,0,-2,-1,508,1024,183,1024,0,-1,-1,-1,0x1000480A98140004,1499,1500,1500,989,2012,1499,1500,1499,1500,1499,1193,1449,1500,1500,1500,1500,1500,1499,1500,2012,1500,1609,1500,2012,1500,1499,1500,1500,1520,1705,1499,2012,8.1
2026-04-21,20:15:58.200,-34,-38,10,3916,0,17,44,16,0,15,0,0,-2,-1,508,1024,184,1024,0,-1,-1,-1,0x1000480A98140004,1499,1500,1500,989,2012,1499,1500,1499,1500,1499,1193,1449,1500,1500,1500,1500,1500,1499,1500,2012,1500,1609,1500,2012,1500,1499,1500,1500,1520,1705,1499,2012,8.1
2026-04-21,20:15:58.700,-35,-38,10,3916,0,17,44,16,0,15,0,0,-2,-1,508,1024,183,1024,0,-1,-1,-1,0x1000480A98140004,1499,1500,1500,989,2012,1499,1500,1499,1500,1499,1193,1449,1500,1500,1500,1500,1500,1499,1500,2012,1500,1609,1500,2012,1500,1499,1500,1500,1520,1705,1499,2012,8.1
2026-04-21,20:15:59.200,-36,-38,10,3916,0,17,44,16,0,15,0,0,-1,-1,508,1024,183,1024,0,-1,-1,-1,0x1000480A98140004,1499,1500,1500,989,2012,1500,1500,1499,1500,1500,1193,1449,1500,1500,1500,1500,1500,1499,1500,2012,1500,1609,1500,2012,1500,1499,1500,1500,1520,1705,1499,2012,8.1
2026-04-21,20:15:59.700,-35,-38,10,3916,0,17,44,16,0,15,0,0,-2,-1,508,1024,184,1024,0,-1,-1,-1,0x1000480A98140004,1499,1500,1500,989,2012,1499,1500,1499,1500,1499,1193,1449,1500,1500,1500,1500,1500,1499,1500,2012,1500,1609,1500,2012,1500,1499,1500,1500,1520,1705,1499,2012,8.1
2026-04-21,20:16:00.200,-35,-38,10,3916,0,17,44,16,0,15,0,0,-2,-1,508,1024,184,1024,0,-1,-1,-1,0x1000480A98140004,1499,1500,1500,989,2012,1499,1500,1499,1500,1499,1193,1449,1500,1500,1500,1500,1500,1499,1500,2012,1500,1609,1500,2012,1500,1499,1500,1500,1520,1705,1499,2012,8.1
2026-04-21,20:16:00.700,-35,-38,10,3916,0,17,44,16,0,15,0,0,-2,-1,508,1024,184,1024,0,-1,-1,-1,0x1000480A98140004,1499,1500,1500,989,2012,1499,1500,1499,1500,1499,1193,1449,1500,1500,1500,1500,1500,1499,1500,2012,1500,1609,1500,2012,1500,1499,1500,1500,1520,1705,1499,2012,8.1
2026-04-21,20:16:01.200,-36,-38,10,3916,0,17,44,16,0,15,0,0,-2,1,508,1024,183,1024,0,-1,-1,-1,0x1000480A98140004,1499,1500,1500,988,2012,1499,1500,1500,1500,1499,1193,1449,1500,1500,1500,1500,1500,1500,1500,2012,1500,1609,1500,2012,1500,1501,1500,1500,1520,1705,1500,2012,8.1
2026-04-21,20:16:01.700,-36,-38,10,3916,0,17,44,16,0,15,0,0,-1,1,508,1024,183,1024,0,-1,-1,-1,0x1000480A98140004,1499,1500,1500,988,2012,1500,1500,1500,1500,1500,1193,1449,1500,1500,1500,1500,1500,1500,1500,2012,1500,1609,1500,2012,1500,1501,1500,1500,1520,1705,1500,2012,8.1
2026-04-21,20:16:02.200,-36,-38,10,3916,0,17,44,16,0,15,0,0,-2,1,508,1024,183,1024,0,-1,-1,-1,0x1000480A98140004,1499,1500,1500,988,2012,1499,1500,1500,1500,1499,1193,1449,1500,1500,1500,1500,1500,1500,1500,2012,1500,1609,1500,2012,1500,1501,1500,1500,1520,1705,1500,2012,8.1
2026-04-21,20:16:02.700,-36,-38,10,6000,0,17,44,16,0,15,0,0,-2,0,508,1024,184,1024,0,-1,-1,-1,0x1000480A98140004,1499,1500,1500,988,2012,1499,1500,1500,1500,1499,1193,1449,1500,1500,1500,1500,1500,1500,1500,2012,1500,1609,1500,2012,1500,1500,1500,1500,1520,1705,1500,2012,8.1
2026-04-21,20:16:03.200,-36,-38,10,3916,0,17,44,16,0,15,0,0,-2,0,508,1024,183,1024,0,-1,-1,-1,0x1000480A98140004,1499,1500,1500,988,2012,1499,1500,1500,1500,1499,1193,1449,1500,1500,1500,1500,1500,1500,1500,2012,1500,1609,1500,2012,1500,1500,1500,1500,1520,1705,1500,2012,8.1
2026-04-21,20:16:03.700,-33,-38,10,3916,0,17,44,16,0,15,0,0,-2,0,508,1024,184,1024,0,-1,-1,-1,0x1000480A98140004,1499,1500,1500,988,2012,1499,1500,1500,1500,1499,1193,1449,1500,1500,1500,1500,1500,1500,1500,2012,1500,1609,1500,2012,1500,1500,1500,1500,1520,1705,1500,2012,8.1
2026-04-21,20:16:04.200,-39,-34,10,3916,0,17,44,16,0,15,0,0,-2,1,508,1024,183,1024,0,-1,-1,-1,0x1000480A98140004,1499,1500,1500,988,2012,1499,1500,1500,1500,1499,1193,1449,1500,1500,1500,1500,1500,1500,1500,2012,1500,1609,1500,2012,1500,1501,1500,1500,1520,1705,1500,2012,8.1
2026-04-21,20:16:04.700,-39,-37,10,3916,0,17,44,16,0,15,0,0,-2,-1,508,1024,184,1024,0,-1,-1,-1,0x1000480A98140004,1499,1500,1500,989,2012,1499,1500,1499,1500,1499,1193,1449,1500,1500,1500,1500,1500,1499,1500,2012,1500,1609,1500,2012,1500,1499,1500,1500,1520,1705,1499,2012,8.1
2026-04-21,20:16:05.200,-39,-34,10,3916,0,17,44,16,0,15,0,0,-2,0,508,1024,183,1024,0,-1,-1,-1,0x1000480A98140004,1499,1500,1500,988,2012,1499,1500,1500,1500,1499,1193,1449,1500,1500,1500,1500,1500,1500,1500,2012,1500,1609,1500,2012,1500,1500,1500,1500,1520,1705,1500,2012,8.1
2026-04-21,20:16:05.700,-36,-40,10,3916,0,17,44,16,0,15,0,0,-2,-1,508,1024,183,1024,0,-1,-1,-1,0x1000480A98140004,1499,1500,1500,989,2012,1499,1500,1499,1500,1499,1193,1449,1500,1500,1500,1500,1500,1499,1500,2012,1500,1609,1500,2012,1500,1499,1500,1500,1520,1705,1499,2012,8.1
2026-04-21,20:16:06.200,-39,-40,10,3916,0,17,44,16,0,15,0,0,-2,-1,508,1024,183,1024,0,-1,-1,-1,0x1000480A98140004,1499,1500,1500,989,2012,1499,1500,1499,1500,1499,1193,1449,1500,1500,1500,1500,1500,1499,1500,2012,1500,1609,1500,2012,1500,1499,1500,1500,1520,1705,1499,2012,8.1
2026-04-21,20:16:06.700,-35,-40,10,3916,0,17,44,16,0,15,0,0,-2,-1,508,1024,183,1024,0,-1,-1,-1,0x1000480A98140004,1499,1500,1500,989,2012,1499,1500,1499,1500,1499,1193,1449,1500,1500,1500,1500,1500,1499,1500,2012,1500,1609,1500,2012,1500,1499,1500,1500,1520,1705,1499,2012,8.1
2026-04-21,20:16:07.200,-35,-40,10,3916,0,17,44,16,0,15,0,0,-2,-1,508,1024,183,1024,0,-1,-1,-1,0x1000480A98140004,1499,1500,1500,989,2012,1499,1500,1499,1500,1499,1193,1449,1500,1500,1500,1500,1500,1499,1500,2012,1500,1609,1500,2012,1500,1499,1500,1500,1520,1705,1499,2012,8.1
2026-04-21,20:16:07.700,-37,-40,10,3916,0,17,44,16,0,15,0,0,-2,-1,508,1024,183,1024,0,-1,-1,-1,0x1000480A98140004,1499,1500,1500,989,2012,1499,1500,1499,1500,1499,1193,1449,1500,1500,1500,1500,1500,1499,1500,2012,1500,1609,1500,2012,1500,1499,1500,1500,1520,1705,1499,2012,8.1
2026-04-21,20:16:08.200,-38,-40,10,3916,0,17,44,16,0,15,0,0,-2,0,508,1024,184,1024,0,-1,-1,-1,0x1000480A98140004,1499,1500,1500,988,2012,1499,1500,1500,1500,1499,1193,1449,1500,1500,1500,1500,1500,1500,1500,2012,1500,1609,1500,2012,1500,1500,1500,1500,1520,1705,1500,2012,8.1
2026-04-21,20:16:08.700,-40,-37,10,3916,0,17,44,16,0,15,0,0,-2,-1,508,1024,183,1024,0,-1,-1,-1,0x1000480A98140004,1499,1500,1500,989,2012,1499,1500,1499,1500,1499,1193,1449,1500,1500,1500,1500,1500,1499,1500,2012,1500,1609,1500,2012,1500,1499,1500,1500,1520,1705,1499,2012,8.1
2026-04-21,20:16:09.200,-40,-39,10,3916,0,17,44,16,0,15,0,0,-2,-1,508,1024,183,1024,0,-1,-1,-1,0x1000480A98140004,1499,1500,1500,989,2012,1499,1500,1499,1500,1499,1193,1449,1500,1500,1500,1500,1500,1499,1500,2012,1500,1609,1500,2012,1500,1499,1500,1500,1520,1705,1499,2012,8.1
2026-04-21,20:16:09.700,-40,-35,10,3916,0,17,44,16,0,15,0,0,-2,0,508,1024,183,1024,0,-1,-1,-1,0x1000480A98140004,1499,1500,1500,988,2012,1499,1500,1500,1500,1499,1193,1449,1500,1500,1500,1500,1500,1500,1500,2012,1500,1609,1500,2012,1500,1500,1500,1500,1520,1705,1500,2012,8.1
2026-04-21,20:16:10.200,-40,-34,10,3916,0,17,44,16,0,15,0,0,-2,2,508,1024,183,1024,0,-1,-1,-1,0x1000480A98140004,1499,1500,1500,988,2012,1499,1501,1500,1500,1499,1193,1449,1500,1500,1500,1500,1500,1500,1500,2012,1500,1609,1500,2012,1500,1501,1500,1500,1520,1705,1500,2012,8.0
2026-04-21,20:16:10.700,-40,-36,10,3916,0,17,44,16,0,15,0,0,-2,8,508,1024,183,1024,0,-1,-1,-1,0x1000480898140004,1499,1502,1500,988,2012,1499,1504,1500,1500,1499,1193,1449,1500,1500,1500,1500,1500,1500,1500,2012,1500,1609,1500,2012,1500,1506,1502,1500,1520,1705,1500,2012,8.0
2026-04-21,20:16:11.200,-40,-38,10,3916,0,17,44,16,0,15,0,0,-2,7,508,1024,183,1024,0,-1,-1,-1,0x1000480898140004,1499,1502,1500,988,2012,1499,1503,1500,1500,1499,1193,1449,1500,1500,1500,1500,1500,1500,1500,2012,1500,1609,1500,2012,1500,1505,1502,1500,1520,1705,1500,2012,8.0
2026-04-21,20:16:11.700,-40,-37,10,3916,0,17,44,16,0,15,0,0,-2,8,508,1024,183,1024,0,-1,-1,-1,0x1000480898140004,1499,1502,1500,988,2012,1499,1504,1500,1500,1499,1193,1449,1500,1500,1500,1500,1500,1500,1500,2012,1500,1609,1500,2012,1500,1506,1502,1500,1520,1705,1500,2012,8.0
2026-04-21,20:16:12.200,-40,-37,10,3916,0,17,44,16,0,15,0,0,-2,8,508,1024,183,1024,0,-1,-1,-1,0x1000480A98140004,1499,1502,1500,988,2012,1499,1504,1500,1500,1499,1193,1449,1500,1500,1500,1500,1500,1500,1500,2012,1500,1609,1500,2012,1500,1506,1502,1500,1520,1705,1500,2012,8.0
2026-04-21,20:16:12.700,-40,-37,10,3916,0,17,44,16,0,15,0,0,-2,8,508,1024,183,1024,0,-1,-1,-1,0x1000480A98140004,1499,1502,1500,988,2012,1499,1504,1500,1500,1499,1193,1449,1500,1500,1500,1500,1500,1500,1500,2012,1500,1609,1500,2012,1500,1506,1502,1500,1520,1705,1500,2012,8.0
2026-04-21,20:16:13.200,-38,-40,10,3916,0,17,44,16,0,15,0,0,-1,6,508,1024,184,1024,0,-1,-1,-1,0x1000480A98140004,1499,1502,1500,988,2012,1500,1503,1500,1500,1500,1193,1449,1500,1500,1500,1500,1500,1500,1500,2012,1500,1609,1500,2012,1500,1505,1502,1500,1520,1705,1500,2012,8.0
2026-04-21,20:16:13.700,-38,-40,10,3916,0,17,44,16,0,15,0,0,-2,5,508,1024,183,1024,0,-1,-1,-1,0x1000480A98140004,1499,1501,1500,988,2012,1499,1502,1500,1500,1499,1193,1449,1500,1500,1500,1500,1500,1500,1500,2012,1500,1609,1500,2012,1500,1504,1501,1500,1520,1705,1500,2012,8.0
2026-04-21,20:16:14.200,-38,-40,10,3916,0,17,44,16,0,15,0,0,-2,5,508,1024,183,1024,0,-1,-1,-1,0x1000480A98140004,1499,1501,1500,988,2012,1499,1502,1500,1500,1499,1193,1449,1500,1500,1500,1500,1500,1500,1500,2012,1500,1609,1500,2012,1500,1504,1501,1500,1520,1705,1500,2012,8.0
2026-04-21,20:16:14.700,-37,-40,10,3916,0,17,44,16,0,15,0,0,-2,6,508,1024,183,1024,0,-1,-1,-1,0x1000480A98140004,1499,1502,1500,988,2012,1499,1503,1500,1500,1499,1193,1449,1500,1500,1500,1500,1500,1500,1500,2012,1500,1609,1500,2012,1500,1505,1502,1500,1520,1705,1500,2012,8.0
2026-04-21,20:16:15.200,-37,-40,10,3916,0,17,44,16,0,15,0,0,-2,4,508,1024,183,1024,0,-1,-1,-1,0x1000480A98140004,1499,1501,1500,988,2012,1499,1502,1500,1500,1499,1193,1449,1500,1500,1500,1500,1500,1500,1500,2012,1500,1609,1500,2012,1500,1503,1501,1500,1520,1705,1500,2012,8.0
2026-04-21,20:16:15.700,-35,-40,10,3916,0,17,44,16,0,15,0,0,-2,4,508,1024,184,1024,0,-1,-1,-1,0x1000480A98140004,1499,1501,1500,988,2012,1499,1502,1500,1500,1499,1193,1449,1500,1500,1500,1500,1500,1500,1500,2012,1500,1609,1500,2012,1500,1503,1501,1500,1520,1705,1500,2012,8.0
2026-04-21,20:16:16.200,-35,-40,10,3916,0,17,44,16,0,15,0,0,-2,3,508,1024,183,1024,0,-1,-1,-1,0x1000480A98140004,1499,1501,1500,988,2012,1499,1501,1500,1500,1499,1193,1449,1500,1500,1500,1500,1500,1500,1500,2012,1500,1609,1500,2012,1500,1502,1501,1500,1520,1705,1500,2012,8.0
2026-04-21,20:16:16.700,-34,-40,10,3916,0,17,44,16,0,15,0,0,-2,4,508,1024,184,1024,0,-1,-1,-1,0x1000480A98140004,1499,1501,1500,988,2012,1500,1502,1500,1500,1499,1193,1449,1500,1500,1500,1500,1500,1500,1500,2012,1500,1609,1500,2012,1500,1503,1501,1500,1520,1705,1500,2012,8.0
2026-04-21,20:16:17.200,-35,-40,10,3916,0,17,44,16,0,15,0,0,-2,2,508,1024,183,1024,0,-1,-1,-1,0x1000480A98140004,1499,1501,1500,988,2012,1499,1501,1500,1500,1499,1193,1449,1500,1500,1500,1500,1500,1500,1500,2012,1500,1609,1500,2012,1500,1501,1501,1500,1520,1705,1500,2012,8.0
2026-04-21,20:16:17.700,-35,-40,10,3916,0,17,44,16,0,15,0,0,-2,2,508,1024,183,1024,0,-1,-1,-1,0x1000480A98140004,1499,1500,1500,988,2012,1499,1501,1500,1500,1499,1193,1449,1500,1500,1500,1500,1500,1500,1500,2012,1500,1609,1500,2012,1500,1501,1500,1500,1520,1705,1500,2012,8.0
2026-04-21,20:16:18.200,-34,-40,10,3916,0,17,44,16,0,15,0,0,-2,2,508,1024,182,1024,0,-1,-1,-1,0x1000480A98140004,1499,1500,1500,988,2012,1499,1501,1500,1500,1499,1193,1449,1500,1500,1500,1500,1500,1500,1500,2012,1500,1609,1500,2012,1500,1501,1500,1500,1520,1705,1500,2012,8.0
2026-04-21,20:16:18.700,-34,-40,10,3916,0,17,44,16,0,15,0,0,-2,2,508,1024,183,1024,0,-1,-1,-1,0x1000480A98140004,1499,1500,1500,988,2012,1499,1501,1500,1500,1499,1193,1449,1500,1500,1500,1500,1500,1500,1500,2012,1500,1609,1500,2012,1500,1501,1500,1500,1520,1705,1500,2012,8.0
2026-04-21,20:16:19.200,-34,-40,10,3916,0,17,44,16,0,15,0,0,-2,2,508,1024,183,1024,0,-1,-1,-1,0x1000480A98140004,1499,1500,1500,988,2012,1500,1501,1500,1500,1499,1193,1449,1500,1500,1500,1500,1500,1500,1500,2012,1500,1609,1500,2012,1500,1501,1500,1500,1520,1705,1500,2012,8.0
2026-04-21,20:16:19.700,-35,-40,10,3916,0,17,44,16,0,15,0,0,-2,1,508,1024,183,1024,0,-1,-1,-1,0x1000480A98140004,1499,1500,1500,988,2012,1499,1500,1500,1500,1499,1193,1449,1500,1500,1500,1500,1500,1500,1500,2012,1500,1609,1500,2012,1500,1501,1500,1500,1520,1705,1500,2012,8.0
2026-04-21,20:16:20.200,-35,-40,10,3916,0,17,44,16,0,15,0,0,-2,1,508,1024,183,1024,0,-1,-1,-1,0x1000480A98140004,1499,1500,1500,988,2012,1499,1500,1500,1500,1499,1193,1449,1500,1500,1500,1500,1500,1500,1500,2012,1500,1609,1500,2012,1500,1501,1500,1500,1520,1705,1500,2012,8.0
2026-04-21,20:16:20.700,-35,-40,10,3916,0,17,44,16,0,15,0,0,-2,1,508,1024,183,1024,0,-1,-1,-1,0x1000480A98140004,1499,1500,1500,988,2012,1499,1500,1500,1500,1499,1193,1449,1500,1500,1500,1500,1500,1500,1500,2012,1500,1609,1500,2012,1500,1501,1500,1500,1520,1705,1500,2012,8.0
2026-04-21,20:16:21.200,-35,-40,10,3916,0,17,44,16,0,15,0,0,-2,0,508,1024,183,1024,0,-1,-1,-1,0x1000480A98140004,1499,1500,1500,988,2012,1499,1500,1500,1500,1499,1193,1449,1500,1500,1500,1500,1500,1500,1500,2012,1500,1609,1500,2012,1500,1500,1500,1500,1520,1705,1500,2012,8.0
2026-04-21,20:16:21.700,-34,-40,10,3916,0,17,44,16,0,15,0,0,-2,0,508,1024,183,1024,0,-1,-1,-1,0x1000480A98140004,1499,1500,1500,988,2012,1499,1500,1500,1500,1499,1193,1449,1500,1500,1500,1500,1500,1500,1500,2012,1500,1609,1500,2012,1500,1500,1500,1500,1520,1705,1500,2012,8.0
2026-04-21,20:16:22.200,-35,-40,10,3916,0,17,44,16,0,15,0,0,-2,1,508,1024,183,1024,0,-1,-1,-1,0x1000480A98140004,1499,1500,1500,988,2012,1499,1500,1500,1500,1499,1193,1449,1500,1500,1500,1500,1500,1500,1500,2012,1500,1609,1500,2012,1500,1501,1500,1500,1520,1705,1500,2012,8.0
2026-04-21,20:16:22.700,-38,-40,10,3916,0,17,44,16,0,15,0,0,-2,1,508,1024,183,1024,0,-1,-1,-1,0x1000480A98140004,1499,1500,1500,988,2012,1499,1500,1500,1500,1499,1193,1449,1500,1500,1500,1500,1500,1500,1500,2012,1500,1609,1500,2012,1500,1501,1500,1500,1520,1705,1500,2012,8.0
2026-04-21,20:16:23.200,-39,-36,10,3916,0,17,44,16,0,15,0,0,-2,4,508,1024,182,1024,0,-1,-1,-1,0x1000480A98140004,1499,1501,1500,988,2012,1499,1502,1500,1500,1499,1193,1449,1500,1500,1500,1500,1500,1500,1500,2012,1500,1609,1500,2012,1500,1503,1501,1500,1520,1705,1500,2012,8.0
2026-04-21,20:16:23.700,-39,-35,10,3916,0,17,44,16,0,15,0,0,-2,7,508,1024,182,1024,0,-1,-1,-1,0x1000480A98140004,1499,1502,1500,988,2012,1499,1503,1500,1500,1499,1193,1449,1500,1500,1500,1500,1500,1500,1500,2012,1500,1609,1500,2012,1500,1505,1502,1500,1520,1705,1500,2012,8.0
2026-04-21,20:16:24.200,-39,-37,10,3916,0,17,44,16,0,15,0,0,-1,4,508,1024,183,1024,0,-1,-1,-1,0x1000480A98140004,1499,1501,1500,988,2012,1500,1502,1500,1500,1499,1193,1449,1500,1500,1500,1500,1500,1500,1500,2012,1500,1609,1500,2012,1500,1503,1501,1500,1520,1705,1500,2012,8.0
2026-04-21,20:16:24.700,-39,-35,10,3916,0,17,44,16,0,15,0,0,-2,1,508,1024,182,1024,0,-1,-1,-1,0x1000480A98140004,1499,1500,1500,988,2012,1499,1500,1500,1500,1499,1193,1449,1500,1500,1500,1500,1500,1500,1500,2012,1500,1609,1500,2012,1500,1501,1500,1500,1520,1705,1500,2012,8.0
2026-04-21,20:16:25.200,-39,-33,10,3916,0,17,44,16,0,15,0,0,-2,2,508,1024,183,1024,0,-1,-1,-1,0x1000480A98140004,1499,1500,1500,988,2012,1499,1501,1500,1500,1499,1193,1449,1500,1500,1500,1500,1500,1500,1500,2012,1500,1609,1500,2012,1500,1501,1500,1500,1520,1705,1500,2012,8.0
2026-04-21,20:16:25.700,-39,-33,10,3916,0,17,44,16,0,15,0,0,-2,2,508,1024,183,1024,0,-1,-1,-1,0x1000480A98140004,1499,1500,1500,988,2012,1499,1501,1500,1500,1499,1193,1449,1500,1500,1500,1500,1500,1500,1500,2012,1500,1609,1500,2012,1500,1501,1500,1500,1520,1705,1500,2012,8.0
2026-04-21,20:16:26.200,-39,-34,10,3916,0,17,44,16,0,15,0,0,-2,2,508,1024,183,1024,0,-1,-1,-1,0x1000480A98140004,1499,1500,1500,988,2012,1499,1501,1500,1500,1499,1193,1449,1500,1500,1500,1500,1500,1500,1500,2012,1500,1609,1500,2012,1500,1501,1500,1500,1520,1705,1500,2012,8.0
2026-04-21,20:16:26.700,-39,-35,10,3916,0,17,44,16,0,15,0,0,-2,2,508,1024,183,1024,0,-1,-1,-1,0x1000480A98140004,1499,1500,1500,988,2012,1499,1501,1500,1500,1499,1193,1449,1500,1500,1500,1500,1500,1500,1500,2012,1500,1609,1500,2012,1500,1501,1500,1500,1520,1705,1500,2012,8.0
2026-04-21,20:16:27.200,-39,-33,10,3916,0,17,44,16,0,15,0,0,-2,1,508,1024,183,1024,0,-1,-1,-1,0x1000480A98140004,1499,1500,1500,988,2012,1499,1500,1500,1500,1499,1193,1449,1500,1500,1500,1500,1500,1500,1500,2012,1500,1609,1500,2012,1500,1501,1500,1500,1520,1705,1500,2012,8.0
2026-04-21,20:16:27.700,-39,-33,10,3916,0,17,44,16,0,15,0,0,-2,1,508,1024,183,1024,0,-1,-1,-1,0x1000480A98140004,1499,1500,1500,988,2012,1499,1500,1500,1500,1499,1193,1449,1500,1500,1500,1500,1500,1500,1500,2012,1500,1609,1500,2012,1500,1501,1500,1500,1520,1705,1500,2012,8.0
2026-04-21,20:16:28.200,-39,-34,10,3916,0,17,44,16,0,15,0,0,-2,1,508,1024,183,1024,0,-1,-1,-1,0x1000480A98140004,1499,1500,1500,988,2012,1499,1500,1500,1500,1499,1193,1449,1500,1500,1500,1500,1500,1500,1500,2012,1500,1609,1500,2012,1500,1501,1500,1500,1520,1705,1500,2012,8.0
2026-04-21,20:16:28.700,-39,-34,10,3916,0,17,44,16,0,15,0,0,-2,2,508,1024,183,1024,0,-1,-1,-1,0x1000480A98140004,1499,1500,1500,988,2012,1499,1500,1500,1500,1499,1193,1449,1500,1500,1500,1500,1500,1500,1500,2012,1500,1609,1500,2012,1500,1501,1500,1500,1520,1705,1500,2012,8.0
2026-04-21,20:16:29.200,-39,-35,10,3916,0,17,44,16,0,15,0,0,-2,1,508,1024,183,1024,0,-1,-1,-1,0x1000480A98140004,1499,1500,1500,988,2012,1499,1500,1500,1500,1499,1193,1449,1500,1500,1500,1500,1500,1500,1500,2012,1500,1609,1500,2012,1500,1501,1500,1500,1520,1705,1500,2012,8.0
2026-04-21,20:16:29.700,-39,-34,10,3916,0,17,44,16,0,15,0,0,-2,1,508,1024,182,1024,0,-1,-1,-1,0x1000480A98140004,1499,1500,1500,988,2012,1499,1500,1500,1500,1499,1193,1449,1500,1500,1500,1500,1500,1500,1500,2012,1500,1609,1500,2012,1500,1501,1500,1500,1520,1705,1500,2012,8.0
2026-04-21,20:16:30.200,-39,-35,10,3916,0,17,44,16,0,15,0,0,-2,1,508,1024,183,1024,0,-1,-1,-1,0x1000480A98140004,1499,1500,1500,988,2012,1499,1500,1500,1500,1499,1193,1449,1500,1500,1500,1500,1500,1500,1500,2012,1500,1609,1500,2012,1500,1501,1500,1500,1520,1705,1500,2012,8.0
2026-04-21,20:16:30.700,-39,-34,10,3916,0,17,44,16,0,15,0,0,-2,0,508,1024,183,1024,0,-1,-1,-1,0x1000480A98140004,1499,1500,1500,988,2012,1499,1500,1500,1500,1499,1193,1449,1500,1500,1500,1500,1500,1500,1500,2012,1500,1609,1500,2012,1500,1500,1500,1500,1520,1705,1500,2012,8.0
2026-04-21,20:16:31.200,-39,-35,10,3916,0,17,44,16,0,15,0,0,-2,1,508,1024,183,1024,0,-1,-1,-1,0x1000480A98140004,1499,1500,1500,988,2012,1499,1500,1500,1500,1499,1193,1449,1500,1500,1500,1500,1500,1500,1500,2012,1500,1609,1500,2012,1500,1501,1500,1500,1520,1705,1500,2012,8.0
2026-04-21,20:16:31.700,-39,-35,10,3916,0,17,44,16,0,15,0,0,-2,1,508,1024,183,1024,0,-1,-1,-1,0x1000480A98140004,1499,1500,1500,988,2012,1499,1500,1500,1500,1499,1193,1449,1500,1500,1500,1500,1500,1500,1500,2012,1500,1609,1500,2012,1500,1501,1500,1500,1520,1705,1500,2012,8.0
2026-04-21,20:16:32.200,-39,-36,10,3916,0,17,44,16,0,15,0,0,-2,1,508,1024,183,1024,0,-1,-1,-1,0x1000480A98140004,1499,1500,1500,988,2012,1499,1500,1500,1500,1499,1193,1449,1500,1500,1500,1500,1500,1500,1500,2012,1500,1609,1500,2012,1500,1501,1500,1500,1520,1705,1500,2012,8.0
2026-04-21,20:16:32.700,-39,-34,10,3916,0,17,44,16,0,15,0,0,-2,0,508,1024,183,1024,0,-1,-1,-1,0x1000480A98140004,1499,1500,1500,988,2012,1499,1500,1500,1500,1499,1193,1449,1500,1500,1500,1500,1500,1500,1500,2012,1500,1609,1500,2012,1500,1500,1500,1500,1520,1705,1500,2012,8.0
2026-04-21,20:16:33.200,-39,-34,10,3916,0,17,44,16,0,15,0,0,-2,0,508,1024,183,1024,0,-1,-1,-1,0x1000480A98140004,1499,1500,1500,988,2012,1499,1500,1500,1500,1499,1193,1449,1500,1500,1500,1500,1500,1500,1500,2012,1500,1609,1500,2012,1500,1500,1500,1500,1520,1705,1500,2012,8.0
2026-04-21,20:16:33.700,-39,-34,10,3916,0,17,44,16,0,15,0,0,-2,0,508,1024,183,1024,0,-1,-1,-1,0x1000480A98140004,1499,1500,1500,988,2012,1499,1500,1500,1500,1499,1193,1449,1500,1500,1500,1500,1500,1500,1500,2012,1500,1609,1500,2012,1500,1500,1500,1500,1520,1705,1500,2012,8.0
2026-04-21,20:16:34.200,-36,-38,10,3916,0,17,44,16,0,15,0,0,-2,-1,508,1024,183,1024,0,-1,-1,-1,0x1000480A98140004,1499,1500,1500,989,2012,1499,1500,1499,1500,1499,1193,1449,1500,1500,1500,1500,1500,1499,1500,2012,1500,1609,1500,2012,1500,1499,1500,1500,1520,1705,1499,2012,8.1
2026-04-21,20:16:34.700,-37,-38,10,3916,0,17,44,16,0,15,0,0,-2,-1,508,1024,183,1024,0,-1,-1,1,0x1000480A98140004,1499,1500,1500,989,2012,1499,1500,1499,1500,1499,1193,1449,1500,1500,1500,1500,1500,1499,1500,2012,1500,1609,1500,2012,1500,1499,1500,1500,1520,1705,1499,2012,8.1
2026-04-21,20:16:35.200,-37,-38,10,3916,0,17,44,16,0,15,0,0,-1,-1,508,1024,182,1024,0,-1,-1,1,0x1000480A98140004,1499,1500,1500,989,2012,1500,1500,1499,1500,1500,1193,1449,1500,1500,1500,1500,1500,1499,1500,2012,1500,1609,1500,2012,1500,1499,1500,1500,1520,1705,1499,2012,8.1
2026-04-21,20:16:35.700,-38,-38,10,3916,0,17,44,16,0,15,0,0,-2,1,508,1024,183,1024,0,-1,-1,-1,0x10004A0A98140004,1499,1500,1500,988,2012,1499,1500,1500,1500,1499,1193,1449,1500,1500,1500,1500,1500,1500,1500,2012,1500,1609,1500,2012,1500,1501,1500,1500,1520,1705,1500,2012,8.1
2026-04-21,20:16:36.200,-33,-38,10,3916,0,17,44,16,0,15,0,0,-2,0,508,1024,183,1024,0,-1,-1,-1,0x10004A0A98140004,1499,1500,1500,988,2012,1499,1500,1500,1500,1499,1193,1449,1500,1500,1500,1500,1500,1500,1500,2012,1500,1609,1500,2012,1500,1500,1500,1500,1520,1705,1500,2012,8.1
2026-04-21,20:16:36.700,-33,-38,10,3916,0,17,44,16,0,15,0,0,-1,0,508,1024,183,1024,0,-1,-1,-1,0x1000480A98140004,1499,1500,1500,988,2012,1500,1500,1500,1500,1500,1193,1449,1500,1500,1500,1500,1500,1500,1500,2012,1500,1609,1500,2012,1500,1500,1500,1500,1520,1705,1500,2012,8.1
2026-04-21,20:16:37.200,-30,-38,10,3916,0,17,44,16,0,15,0,0,-1,1,508,1024,182,1024,0,-1,-1,-1,0x1000080A98140004,1499,1500,1500,988,2012,1499,1500,1500,1500,1500,1193,1449,1500,1500,1500,1500,1500,1500,1500,2012,1500,1609,1500,2012,1500,1501,1500,1500,1520,1705,1500,2012,8.1
2026-04-21,20:16:37.700,-29,-38,10,3916,0,17,44,16,0,15,0,0,-2,0,508,1024,183,1024,0,-1,-1,-1,0x1000080A98140004,1499,1500,1500,988,2012,1499,1500,1500,1500,1499,1193,1449,1500,1500,1500,1500,1500,1500,1500,2012,1500,1609,1500,2012,1500,1500,1500,1500,1520,1705,1500,2012,8.1
2026-04-21,20:16:38.200,-29,-38,10,3916,0,17,44,16,0,15,0,0,-2,0,508,1024,182,1024,0,-1,-1,-1,0x1000080A98140004,1499,1500,1500,988,2012,1500,1500,1500,1500,1499,1193,1449,1500,1500,1500,1500,1500,1500,1500,2012,1500,1609,1500,2012,1500,1500,1500,1500,1520,1705,1500,2012,8.1
2026-04-21,20:16:38.700,-26,-38,10,3916,0,17,44,16,0,15,0,0,-1,0,508,1024,182,1024,0,-1,-1,-1,0x1000080A98140004,1499,1500,1500,988,2012,1500,1500,1500,1500,1500,1193,1449,1500,1500,1500,1500,1500,1500,1500,2012,1500,1609,1500,2012,1500,1500,1500,1500,1520,1705,1500,2012,8.1
2026-04-21,20:16:39.200,-29,-38,10,3916,0,17,44,16,0,15,0,0,-2,0,508,1024,182,1024,0,-1,-1,-1,0x1000080A98140004,1499,1500,1500,988,2012,1499,1500,1500,1500,1499,1193,1449,1500,1500,1500,1500,1500,1500,1500,2012,1500,1609,1500,2012,1500,1500,1500,1500,1520,1705,1500,2012,8.1
2026-04-21,20:16:39.700,-28,-38,10,3916,0,17,44,16,0,16,0,0,-1,1,508,1024,183,1024,0,-1,-1,-1,0x1000080A98140004,1499,1500,1500,988,2012,1500,1500,1500,1500,1500,1193,1449,1500,1500,1500,1500,1500,1500,1500,2012,1500,1609,1500,2012,1500,1501,1500,1500,1520,1705,1500,2012,8.1
