Date,Time,1RSS(dB),2RSS(dB),TPWR(mW),Lipo,Curr(mA),Temp(°C),Bat,dent,Rpm(kmh),Tmp2(°C),dist,Capa,ST,TH,P1,P2,P3,P4,SA,SB,SC,SD,LSW,CH1(us),CH2(us),CH3(us),CH4(us),CH5(us),CH6(us),CH7(us),CH8(us),CH9(us),CH10(us),CH11(us),CH12(us),CH13(us),CH14(us),CH15(us),CH16(us),CH17(us),CH18(us),CH19(us),CH20(us),CH21(us),CH22(us),CH23(us),CH24(us),CH25(us),CH26(us),CH27(us),CH28(us),CH29(us),CH30(us),CH31(us),CH32(us),TxBat(V)
2025-11-22,16:41:04.930,-84,0,10,4000,0,0,0,10,0,0,0,0,20,6,-370,832,205,516,0,-1,-1,-1,0x3000400290150215,1506,1502,1730,988,2012,1510,1504,1500,1500,1510,1142,1756,1500,1500,1500,1500,1500,1500,1116,2012,1500,2012,1500,2012,1500,1521,1503,1500,1520,1505,1500,988,8.3
2025-11-22,16:41:05.430,-82,0,10,4000,0,0,0,10,0,0,0,0,-1,1,-370,832,205,516,0,-1,-1,-1,0x3000400290150215,1508,1500,1730,988,2012,1500,1500,1500,1500,1500,1142,1756,1500,1500,1500,1500,1500,1500,1372,2012,1500,2012,1500,2012,1500,1501,1500,1500,1520,1505,1500,988,8.3
2025-11-22,16:41:05.930,-86,0,10,4000,0,0,0,10,0,0,0,0,-3,0,-370,832,205,516,0,-1,-1,-1,0x3000400290150215,1508,1500,1730,988,2012,1499,1500,1500,1500,1499,1142,1756,1500,1500,1500,1500,1500,1500,1500,2012,1500,2012,1500,2012,1500,1500,1500,1500,1520,1505,1500,988,8.3
2025-11-22,16:41:06.430,-83,0,10,4000,0,0,0,10,0,0,0,0,-3,2,-370,832,205,516,0,-1,-1,-1,0x3000400290150215,1508,1500,1730,988,2012,1499,1501,1500,1500,1499,1142,1756,1500,1500,1500,1500,1500,1500,1500,2012,1500,2012,1500,2012,1500,1503,1500,1500,1520,1505,1500,988,8.3
2025-11-22,16:41:06.930,-83,0,10,4000,0,0,0,10,0,0,0,0,3,16,-370,832,205,516,0,-1,-1,-1,0x3000400290150215,1508,1506,1730,988,2012,1501,1511,1500,1500,1501,1142,1756,1500,1500,1500,1500,1500,1500,1500,2012,1500,2012,1500,2012,1500,1518,1511,1500,1520,1505,1500,988,8.3
2025-11-22,16:41:07.430,-81,0,10,4000,0,0,0,10,0,0,0,0,91,14,-370,832,205,516,0,-1,-1,-1,0x3000400294150215,1499,1505,1730,988,2012,1545,1510,1500,1500,1545,1142,1756,1500,1500,1500,1500,1500,1500,1500,2012,1500,2012,1500,2012,1500,1516,1509,1500,1520,1505,1500,988,8.3
2025-11-22,16:41:07.930,-82,0,10,4000,0,0,0,10,0,0,0,0,-1024,276,-370,832,205,516,0,-1,-1,-1,0x3000400694150215,1668,1583,1730,988,2012,988,1698,1500,1500,988,1142,1756,1500,1500,1500,1500,1500,1500,1372,1628,1500,2012,1500,2012,1500,1756,1639,1500,1520,1505,1500,988,8.3
2025-11-22,16:41:08.430,-80,0,10,4000,0,0,0,10,0,0,0,0,1024,-348,-370,831,205,516,0,-1,-1,-1,0x3000400296150215,1342,1220,1730,994,2012,2012,1326,1218,1500,2012,1142,1756,1500,1500,1500,1500,1500,1218,1184,2012,1500,2012,1500,988,1500,1262,1500,1500,1520,1505,1500,988,8.3
2025-11-22,16:41:08.930,-83,0,10,4000,0,0,0,10,0,0,0,0,732,-1,-370,832,205,516,0,-1,-1,-1,0x3000400294150215,1413,1499,1730,988,2012,1866,1500,1500,1500,1866,1142,1756,1500,1500,1500,1500,1500,1499,1372,2012,1500,2012,1500,2012,1500,1499,1500,1500,1520,1505,1500,988,8.3
2025-11-22,16:41:09.430,-79,0,10,3980,0,0,0,10,0,0,0,0,913,190,-370,832,205,516,0,-1,-1,1,0x3000400294150215,1377,1551,1730,988,2012,1956,1637,1500,1500,1956,1142,1756,1500,1500,1500,1500,1500,1500,1372,1628,1500,2012,1500,2012,1500,1678,1591,1500,1520,1505,1500,988,8.3
2025-11-22,16:41:09.930,-80,0,10,3980,0,0,0,10,0,0,0,0,-6,377,-370,832,205,516,0,-1,-1,1,0x3000400290150215,1508,1616,1730,988,2012,1497,1771,1500,1500,1497,1142,1756,1500,1500,1500,1500,1500,1500,1372,1628,1500,2012,1500,2012,1500,1827,1694,1500,1520,1505,1500,988,8.3
2025-11-22,16:41:10.430,-83,0,10,3980,0,0,0,10,0,0,0,0,-280,408,-370,832,205,516,0,-1,-1,1,0x3000430594150215,1537,1626,1730,988,2012,1360,1793,1500,1500,1360,1142,1756,1500,1500,1500,1500,1500,1500,1372,1628,1500,2012,1500,2012,1500,1855,1711,1500,1520,1505,1500,988,8.3
2025-11-22,16:41:10.930,-83,0,10,3980,0,0,0,10,0,0,0,0,1024,319,-370,832,205,516,0,-1,-1,1,0x3000430094150215,1342,1598,1730,988,2012,2012,1729,1500,1500,2012,1142,1756,1500,1500,1500,1500,1500,1500,1372,1628,1500,2012,1500,2012,1500,1779,1664,1500,1520,1505,1500,988,8.3
2025-11-22,16:41:11.430,-87,0,10,4000,0,0,0,10,0,0,0,0,268,170,-370,832,205,516,0,-1,-1,-1,0x3000600094150215,1480,1547,1730,988,2012,1634,1622,1500,1500,1634,1142,1756,1500,1500,1500,1500,1500,1500,1372,1628,1500,2012,1500,2012,1500,1662,1579,1500,1520,1505,1500,988,8.3
2025-11-22,16:41:11.930,-87,0,10,4000,0,0,0,10,0,0,0,0,323,196,-370,831,205,516,0,-1,-1,-1,0x3000000094150215,1473,1556,1730,988,2012,1661,1641,1500,1500,1661,1142,1756,1500,1500,1500,1500,1500,1500,1372,1628,1500,2012,1500,2012,1500,1692,1594,1500,1520,1505,1500,988,8.3
2025-11-22,16:41:12.430,-86,0,10,4000,0,0,0,10,0,0,0,0,415,192,-370,832,205,516,0,-1,-1,-1,0x3000000094150215,1465,1555,1730,988,2012,1713,1638,1500,1500,1713,1142,1756,1500,1500,1500,1500,1500,1500,1372,1628,1500,2012,1500,2012,1500,1690,1592,1500,1520,1505,1500,988,8.3
2025-11-22,16:41:12.930,-86,0,10,4000,0,0,0,10,0,0,0,0,231,-148,-370,832,205,516,0,-1,-1,1,0x3000000096150215,1486,1348,1730,992,2012,1615,1426,1348,1500,1615,1142,1756,1500,1500,1500,1500,1500,1347,1210,2012,1500,2012,1500,988,1500,1383,1500,1500,1520,1505,1500,988,8.3
2025-11-22,16:41:13.430,-86,0,50,4000,0,0,0,10,0,0,0,0,120,310,-370,832,205,516,0,-1,-1,1,0x3000000094150215,1496,1595,1730,988,2012,1560,1723,1500,1500,1560,1142,1756,1500,1500,1500,1500,1500,1500,1372,1628,1500,2012,1500,2012,1500,1781,1659,1500,1520,1505,1500,988,8.3
2025-11-22,16:41:13.930,-86,0,10,4000,0,0,0,10,0,0,0,0,10,-5,-370,832,206,516,0,-1,-1,1,0x3000030290150215,1507,1495,1730,988,2012,1505,1498,1495,1500,1505,1142,1756,1500,1500,1500,1500,1500,1495,1091,2012,1500,2012,1500,2012,1500,1496,1500,1500,1520,1505,1500,988,8.3
2025-11-22,16:41:14.430,-87,0,10,4000,0,0,0,10,0,0,0,0,-121,-117,-370,832,205,516,0,-1,-1,1,0x30000306961D0215,1519,1380,1730,990,2012,1440,1436,1380,1500,1440,1142,1756,1500,1500,1500,1500,1500,1380,1372,2012,1500,2012,1500,2012,1500,1424,1500,1500,1520,1505,1500,988,8.3
